Stime,srcip,sport,dstip,dsport,proto,service,dur,sbytes,dbytes,state,Spkts,Dpkts,is_sm_ips_ports,ct_srv_src,ct_srv_dst,ct_src_dport_ltm,ct_dst_sport_ltm,ct_dst_src_ltm,ct_dst_ltm,ct_src_ltm,sttl,dttl,trans_depth,res_len,ct_flw_http_mthd,smeansz,dmeansz,swin,dwin,stcpb,dtcpb
1591893368.174912,10.0.2.15,54080,10.0.2.4,80,tcp,-,0.000612,132,493,SF,3,2,0,0,0,0,0,0,0,0,64,64,0,0,0,88,298,76.0,235,1823897061,155298308
1591893368.399535,10.0.2.15,54116,10.0.2.4,80,tcp,-,0.000523,133,493,SF,3,2,0,1,1,1,0,1,1,1,64,64,0,0,0,88,298,76.0,235,1395878875,1048952660
1591893368.399605,10.0.2.15,54118,10.0.2.4,80,tcp,-,0.000442,132,493,SF,3,2,0,2,2,2,0,2,2,2,64,64,0,0,0,88,298,76.0,235,213999255,2173551892
1591893368.525368,10.0.2.15,54062,10.0.2.4,80,tcp,-,20.289941,0,493,SF,4,3,0,3,3,3,0,3,3,3,64,64,0,0,0,79,219,114.0,9810,95431957,2345120791
1591893369.1668382,10.0.2.15,54082,10.0.2.4,80,tcp,-,0.000612,132,493,SF,3,2,0,4,4,4,0,4,4,4,64,64,0,0,0,88,298,76.0,235,352134760,4280192472
1591893369.166913,10.0.2.15,54084,10.0.2.4,80,tcp,-,0.000524,131,493,SF,3,2,0,5,5,5,0,5,5,5,64,64,0,0,0,87,298,76.0,235,2659673522,3804922680
1591893369.520976,10.0.2.15,54066,10.0.2.4,80,tcp,-,20.318744,0,493,SF,4,3,0,6,6,6,0,6,6,6,64,64,0,0,0,79,219,114.0,9810,313983069,3355339854
1591893369.521015,10.0.2.15,54064,10.0.2.4,80,tcp,-,20.318612,0,493,SF,4,3,0,7,7,7,0,7,7,7,64,64,0,0,0,79,219,114.0,9810,533550621,3319920468
1591893370.520884,10.0.2.15,54070,10.0.2.4,80,tcp,-,20.342516,0,493,SF,4,3,0,8,8,8,0,8,8,8,64,64,0,0,0,79,219,114.0,9810,3171738331,2687877876
1591893370.5209222,10.0.2.15,54068,10.0.2.4,80,tcp,-,20.342152,0,493,SF,4,3,0,9,9,9,0,9,9,9,64,64,0,0,0,79,219,114.0,9810,3461910880,292793460
1591893370.7670949,10.0.2.15,53738,10.0.2.4,80,tcp,-,0.000558,133,493,SF,3,2,0,10,10,10,0,10,10,10,64,64,0,0,0,88,298,76.0,235,541924282,3747581248
1591893370.7671778,10.0.2.15,53740,10.0.2.4,80,tcp,-,0.000988,132,493,RSTOS0,2,1,0,11,11,11,0,11,11,11,64,64,0,0,0,112,545,114.0,235,3565373897,870467712
1591893371.407017,10.0.2.15,54120,10.0.2.4,80,tcp,-,0.000567,132,493,SF,3,2,0,12,12,12,0,12,12,12,64,64,0,0,0,88,298,76.0,235,3414630307,2250152865
1591893371.407083,10.0.2.15,54122,10.0.2.4,80,tcp,-,0.000969,133,493,SF,3,2,0,13,13,13,0,13,13,13,64,64,0,0,0,88,298,76.0,235,1948140612,2472214733
1591893371.791282,10.0.2.15,53744,10.0.2.4,80,tcp,-,0.000587,132,493,SF,3,2,0,14,14,14,0,14,14,14,64,64,0,0,0,88,298,76.0,235,1151316958,3834824378
1591893371.7913618,10.0.2.15,53746,10.0.2.4,80,tcp,-,0.000706,132,493,SF,3,2,0,15,15,15,0,15,15,15,64,64,0,0,0,88,298,76.0,235,1023314209,2214583344
1591893372.175015,10.0.2.15,54086,10.0.2.4,80,tcp,-,0.000571,133,493,SF,3,2,0,16,16,16,0,16,16,16,64,64,0,0,0,88,298,76.0,235,4248811751,371516973
1591893372.1750891,10.0.2.15,54088,10.0.2.4,80,tcp,-,0.000804,133,493,SF,3,2,0,17,17,17,0,17,17,17,64,64,0,0,0,88,298,76.0,235,1522980386,16182479
1591893372.4156651,10.0.2.15,54124,10.0.2.4,80,tcp,-,0.000669,133,493,SF,3,2,0,18,18,18,0,18,18,18,64,64,0,0,0,88,298,76.0,235,191864500,3327903811
1591893372.415737,10.0.2.15,54126,10.0.2.4,80,tcp,-,0.001098,133,493,RSTOS0,2,1,0,19,19,19,0,19,19,19,64,64,0,0,0,112,545,114.0,235,2287650008,3918350456
1591893373.198861,10.0.2.15,54090,10.0.2.4,80,tcp,-,0.000622,133,493,SF,3,2,0,20,20,20,0,20,20,20,64,64,0,0,0,88,298,76.0,235,372944969,3327935198
1591893373.774925,10.0.2.15,53760,10.0.2.4,80,tcp,-,0.000563,132,493,SF,3,2,0,21,21,21,0,21,21,21,64,64,0,0,0,88,298,76.0,235,1397032483,3470510059
1591893373.775013,10.0.2.15,53762,10.0.2.4,80,tcp,-,0.000460,133,493,SF,3,2,0,22,22,22,0,22,22,22,64,64,0,0,0,88,298,76.0,235,3410737421,1159674929
1591893374.190775,10.0.2.15,54092,10.0.2.4,80,tcp,-,0.000778,132,493,SF,3,2,0,23,23,23,0,23,23,23,64,64,0,0,0,88,298,76.0,235,3783826205,1812200685
1591893374.190898,10.0.2.15,54094,10.0.2.4,80,tcp,-,0.000667,133,493,SF,3,2,0,24,24,24,0,24,24,24,64,64,0,0,0,88,298,76.0,235,711060656,1849505318
1591893374.2970471,10.0.2.15,54138,10.0.2.4,80,tcp,http,13.679059,133,493,SF,8,6,0,0,0,25,0,25,25,25,64,64,1,311,1,65,135,3764.0,5015,987449422,2726563691
1591893374.297605,10.0.2.15,54140,10.0.2.4,80,tcp,http,13.678502,132,493,SF,8,6,0,1,1,26,0,26,26,26,64,64,1,311,1,65,135,3764.0,5015,2068979566,1721648996
1591893374.298065,10.0.2.15,54142,10.0.2.4,80,tcp,http,13.689415,132,493,SF,7,5,0,2,2,27,0,27,27,27,64,64,1,311,1,68,152,4302.0,5973,3718292004,2759042888
1591893374.298517,10.0.2.15,54144,10.0.2.4,80,tcp,http,13.677586,133,493,SF,8,6,0,3,3,28,0,28,28,28,64,64,1,311,1,65,135,3764.0,5015,2649594120,4125976569
1591893374.298919,10.0.2.15,54146,10.0.2.4,80,tcp,http,13.677186,132,493,SF,8,6,0,4,4,29,0,29,29,29,64,64,1,311,1,65,135,3764.0,5015,1057576610,1144636895
1591893374.2992961,10.0.2.15,54148,10.0.2.4,80,tcp,http,13.676800,133,493,SF,7,5,0,5,5,30,0,30,30,30,64,64,1,311,1,68,152,4302.0,5973,452550192,1983158986
1591893374.299598,10.0.2.15,54150,10.0.2.4,80,tcp,http,13.676500,133,493,SF,8,6,0,6,6,31,0,31,31,31,64,64,1,311,1,65,135,3764.0,5015,4125994721,2338382078
1591893374.2998981,10.0.2.15,54152,10.0.2.4,80,tcp,http,13.676201,132,493,SF,8,6,0,7,7,32,0,32,32,32,64,64,1,311,1,65,135,3764.0,5015,1996986325,3578139290
1591893374.300179,10.0.2.15,54154,10.0.2.4,80,tcp,http,13.675922,132,493,SF,8,6,0,8,8,33,0,33,33,33,64,64,1,311,1,65,135,3764.0,5015,510741056,3856545509
1591893374.300533,10.0.2.15,54156,10.0.2.4,80,tcp,http,13.686795,133,493,SF,7,5,0,9,9,34,0,34,34,34,64,64,1,311,1,68,152,4302.0,5973,3985249278,313690803
1591893374.300786,10.0.2.15,54158,10.0.2.4,80,tcp,http,13.675307,132,493,SF,7,5,0,10,10,35,0,35,35,35,64,64,1,311,1,68,152,4302.0,5973,1926262948,2129941338
1591893374.3011382,10.0.2.15,54160,10.0.2.4,80,tcp,http,13.686038,133,493,SF,7,5,0,11,11,36,0,36,36,36,64,64,1,311,1,68,152,4302.0,5973,2157967267,4182285592
1591893374.30163,10.0.2.15,54162,10.0.2.4,80,tcp,http,13.674464,132,493,SF,7,5,0,12,12,37,0,37,37,37,64,64,1,311,1,68,152,4302.0,5973,4184106172,2917859342
1591893374.3019779,10.0.2.15,54164,10.0.2.4,80,tcp,http,13.684920,132,493,SF,7,5,0,13,13,38,0,38,38,38,64,64,1,311,1,68,152,4302.0,5973,2387347464,74078273
1591893374.302401,10.0.2.15,54166,10.0.2.4,80,tcp,http,13.673560,133,493,SF,7,5,0,14,14,39,0,39,39,39,64,64,1,311,1,68,152,4302.0,5973,3220681047,2324591073
1591893374.302763,10.0.2.15,54168,10.0.2.4,80,tcp,http,13.683935,133,493,SF,7,5,0,15,15,40,0,40,40,40,64,64,1,311,1,68,152,4302.0,5973,548816673,118758995
1591893374.3030698,10.0.2.15,54170,10.0.2.4,80,tcp,http,13.672892,133,493,SF,7,5,0,16,16,41,0,41,41,41,64,64,1,311,1,68,152,4302.0,5973,4080694503,43751971
1591893374.3033721,10.0.2.15,54172,10.0.2.4,80,tcp,http,13.672718,132,493,SF,7,5,0,17,17,42,0,42,42,42,64,64,1,311,1,68,152,4302.0,5973,2876969448,3509508931
1591893374.303759,10.0.2.15,54174,10.0.2.4,80,tcp,http,13.682638,131,493,SF,7,5,0,18,18,43,0,43,43,43,64,64,1,311,1,68,152,4302.0,5973,3501383138,2006027365
1591893374.3041608,10.0.2.15,54176,10.0.2.4,80,tcp,http,13.671797,132,493,SF,7,5,0,19,19,44,0,44,44,44,64,64,1,311,1,68,152,4302.0,5973,3010806468,1576040430
1591893374.3047788,10.0.2.15,54178,10.0.2.4,80,tcp,http,13.681404,133,493,SF,7,5,0,20,20,45,0,45,45,45,64,64,1,311,1,68,152,4302.0,5973,2725223566,2546457795
1591893374.305298,10.0.2.15,54180,10.0.2.4,80,tcp,http,13.670654,132,493,SF,7,5,0,21,21,46,0,46,46,46,64,64,1,311,1,68,152,4302.0,5973,1846972358,2009159296
1591893374.3056571,10.0.2.15,54182,10.0.2.4,80,tcp,http,13.670297,133,493,SF,7,5,0,22,22,47,0,47,47,47,64,64,1,311,1,68,152,4302.0,5973,4038821099,327266536
1591893374.30617,10.0.2.15,54184,10.0.2.4,80,tcp,http,13.669785,133,493,SF,7,5,0,23,23,48,0,48,48,48,64,64,1,311,1,68,152,4302.0,5973,146144002,474680540
1591893374.3067632,10.0.2.15,54186,10.0.2.4,80,tcp,http,13.669194,133,493,SF,7,5,0,24,24,49,0,49,49,49,64,64,1,311,1,68,152,4302.0,5973,881026723,2826728663
1591893374.307211,10.0.2.15,54188,10.0.2.4,80,tcp,http,13.678810,133,493,SF,7,5,0,25,25,50,0,50,50,50,64,64,1,311,1,68,152,4302.0,5973,3794253670,2136468350
1591893374.307591,10.0.2.15,54190,10.0.2.4,80,tcp,http,13.668357,132,493,SF,7,5,0,26,26,51,0,51,51,51,64,64,1,311,1,68,152,4302.0,5973,883980468,1630659279
1591893374.3084538,10.0.2.15,54192,10.0.2.4,80,tcp,http,13.677412,133,493,SF,7,5,0,27,27,52,0,52,52,52,64,64,1,311,1,68,152,4302.0,5973,2393527959,3450502308
1591893374.309077,10.0.2.15,54194,10.0.2.4,80,tcp,http,13.666874,132,493,SF,7,5,0,28,28,53,0,53,53,53,64,64,1,311,1,68,152,4302.0,5973,1100961998,123656112
1591893374.309505,10.0.2.15,54196,10.0.2.4,80,tcp,http,13.676227,133,493,SF,7,5,0,29,29,54,0,54,54,54,64,64,1,311,1,68,152,4302.0,5973,1038348197,2334453529
1591893374.3097892,10.0.2.15,54198,10.0.2.4,80,tcp,http,13.666085,133,493,SF,7,5,0,30,30,55,0,55,55,55,64,64,1,311,1,68,152,4302.0,5973,605309548,3508105253
1591893374.3101392,10.0.2.15,54200,10.0.2.4,80,tcp,http,13.665736,132,493,SF,7,5,0,31,31,56,0,56,56,56,64,64,1,311,1,68,152,4302.0,5973,4194167593,390374040
1591893374.3105721,10.0.2.15,54202,10.0.2.4,80,tcp,http,13.665305,131,493,SF,7,5,0,32,32,57,0,57,57,57,64,64,1,311,1,68,152,4302.0,5973,409837129,1204781436
1591893374.311155,10.0.2.15,54204,10.0.2.4,80,tcp,http,13.674393,133,493,SF,7,5,0,33,33,58,0,58,58,58,64,64,1,311,1,68,152,4302.0,5973,1589533668,2716597425
1591893374.31153,10.0.2.15,54206,10.0.2.4,80,tcp,http,13.664342,133,493,SF,7,5,0,34,34,59,0,59,59,59,64,64,1,311,1,68,152,4302.0,5973,2182001214,116003888
1591893374.311943,10.0.2.15,54208,10.0.2.4,80,tcp,http,13.673343,132,493,SF,7,5,0,35,35,60,0,60,60,60,64,64,1,311,1,68,152,4302.0,5973,198339519,2983095161
1591893374.312391,10.0.2.15,54210,10.0.2.4,80,tcp,http,13.663478,133,493,SF,7,5,0,36,36,61,0,61,61,61,64,64,1,311,1,68,152,4302.0,5973,1855692039,1019432052
1591893374.3129349,10.0.2.15,54212,10.0.2.4,80,tcp,http,13.662935,133,493,SF,7,5,0,37,37,62,0,62,62,62,64,64,1,311,1,68,152,4302.0,5973,1404077621,826828528
1591893374.313453,10.0.2.15,54214,10.0.2.4,80,tcp,http,13.671581,132,493,SF,7,5,0,38,38,63,0,63,63,63,64,64,1,311,1,68,152,4302.0,5973,2519688616,3000989241
1591893374.314063,10.0.2.15,54216,10.0.2.4,80,tcp,http,13.661802,133,493,SF,7,5,0,39,39,64,0,64,64,64,64,64,1,311,1,68,152,4302.0,5973,140073584,2152930064
1591893374.314568,10.0.2.15,54218,10.0.2.4,80,tcp,http,13.670209,133,493,SF,7,5,0,40,40,65,0,65,65,65,64,64,1,311,1,68,152,4302.0,5973,249082003,4181388993
1591893374.31514,10.0.2.15,54220,10.0.2.4,80,tcp,http,13.660727,132,493,SF,7,5,0,41,41,66,0,66,66,66,64,64,1,311,1,68,152,4302.0,5973,2808708516,3013978865
1591893374.3155448,10.0.2.15,54222,10.0.2.4,80,tcp,http,13.668888,132,493,SF,7,5,0,42,42,67,0,67,67,67,64,64,1,311,1,68,152,4302.0,5973,2064412578,3643809007
1591893374.316026,10.0.2.15,54224,10.0.2.4,80,tcp,http,13.659727,133,493,SF,7,5,0,43,43,68,0,68,68,68,64,64,1,311,1,68,152,4302.0,5973,2287958917,336715252
1591893374.316386,10.0.2.15,54226,10.0.2.4,80,tcp,http,13.659369,133,493,SF,7,5,0,44,44,69,0,69,69,69,64,64,1,311,1,68,152,4302.0,5973,3261283262,130794309
1591893374.3213642,10.0.2.15,54228,10.0.2.4,80,tcp,http,13.662988,133,493,SF,7,5,0,45,45,70,0,70,70,70,64,64,1,311,1,68,152,4302.0,5973,3615740810,3168277909
1591893374.322083,10.0.2.15,54230,10.0.2.4,80,tcp,http,13.653779,132,493,SF,7,5,0,46,46,71,0,71,71,71,64,64,1,311,1,68,152,4302.0,5973,2637148733,4021871692
1591893374.322773,10.0.2.15,54232,10.0.2.4,80,tcp,http,13.652976,132,493,SF,7,5,0,47,47,72,0,72,72,72,64,64,1,311,1,68,152,4302.0,5973,4002612324,4101845191
1591893374.323394,10.0.2.15,54234,10.0.2.4,80,tcp,http,13.652357,132,493,SF,7,5,0,48,48,73,0,73,73,73,64,64,1,311,1,68,152,4302.0,5973,2507561607,460760216
1591893374.323898,10.0.2.15,54236,10.0.2.4,80,tcp,http,13.651854,133,493,SF,7,5,0,49,49,74,0,74,74,74,64,64,1,311,1,68,152,4302.0,5973,126758126,562633083
1591893374.324297,10.0.2.15,54238,10.0.2.4,80,tcp,http,13.659880,132,493,SF,7,5,0,50,50,75,0,75,75,75,64,64,1,311,1,68,152,4302.0,5973,3047808831,2305446023
1591893374.324713,10.0.2.15,54240,10.0.2.4,80,tcp,http,13.651035,133,493,SF,7,5,0,51,51,76,0,76,76,76,64,64,1,311,1,68,152,4302.0,5973,2544861248,2940089531
1591893374.325369,10.0.2.15,54242,10.0.2.4,80,tcp,http,13.658745,133,493,SF,7,5,0,52,52,77,0,77,77,77,64,64,1,311,1,68,152,4302.0,5973,2138036427,1519159202
1591893374.325891,10.0.2.15,54244,10.0.2.4,80,tcp,http,13.649856,133,493,SF,7,5,0,53,53,78,0,78,78,78,64,64,1,311,1,68,152,4302.0,5973,1370290125,857210020
1591893374.3282151,10.0.2.15,54246,10.0.2.4,80,tcp,http,13.655837,133,493,SF,7,5,0,54,54,79,0,79,79,79,64,64,1,311,1,68,152,4302.0,5973,742318429,2119101220
1591893374.328623,10.0.2.15,54248,10.0.2.4,80,tcp,http,13.647121,133,493,SF,7,5,0,55,55,80,0,80,80,80,64,64,1,311,1,68,152,4302.0,5973,183195455,855777088
1591893374.329104,10.0.2.15,54250,10.0.2.4,80,tcp,http,13.654601,132,493,SF,7,5,0,56,56,81,0,81,81,81,64,64,1,311,1,68,152,4302.0,5973,2733710052,1342173860
1591893374.3297448,10.0.2.15,54252,10.0.2.4,80,tcp,http,13.646000,133,493,SF,7,5,0,57,57,82,0,82,82,82,64,64,1,311,1,68,152,4302.0,5973,2070202597,460111522
1591893374.330352,10.0.2.15,54254,10.0.2.4,80,tcp,http,13.653198,132,493,SF,7,5,0,58,58,83,0,83,83,83,64,64,1,311,1,68,152,4302.0,5973,776434742,243655770
1591893374.33077,10.0.2.15,54256,10.0.2.4,80,tcp,http,13.645484,133,493,SF,8,6,0,59,59,84,0,84,84,84,64,64,1,311,1,65,135,3764.0,5015,1954585297,368189972
1591893374.331298,10.0.2.15,54258,10.0.2.4,80,tcp,http,13.644960,133,493,SF,8,6,0,60,60,85,0,85,85,85,64,64,1,311,1,65,135,3764.0,5015,4232934595,205941935
1591893374.3317199,10.0.2.15,54260,10.0.2.4,80,tcp,http,13.651682,133,493,SF,7,5,0,61,61,86,0,86,86,86,64,64,1,311,1,68,152,4302.0,5973,2909636150,2061253772
1591893374.332126,10.0.2.15,54262,10.0.2.4,80,tcp,http,13.644127,132,493,SF,8,6,0,62,62,87,0,87,87,87,64,64,1,311,1,65,135,3764.0,5015,419214490,1918990131
1591893374.333058,10.0.2.15,54264,10.0.2.4,80,tcp,http,13.643052,132,493,SF,8,6,0,63,63,88,0,88,88,88,64,64,1,311,1,65,135,3764.0,5015,458831525,4289299065
1591893374.333574,10.0.2.15,54266,10.0.2.4,80,tcp,http,13.649568,133,493,SF,7,5,0,64,64,89,0,89,89,89,64,64,1,311,1,68,152,4302.0,5973,931167640,2581878488
1591893374.3340259,10.0.2.15,54268,10.0.2.4,80,tcp,http,13.642233,133,493,SF,8,6,0,65,65,90,0,90,90,90,64,64,1,311,1,65,135,3764.0,5015,158748891,884770056
1591893374.3346,10.0.2.15,54270,10.0.2.4,80,tcp,http,13.648313,133,493,SF,7,5,0,66,66,91,0,91,91,91,64,64,1,311,1,68,152,4302.0,5973,4013225568,3848924862
1591893374.335223,10.0.2.15,54272,10.0.2.4,80,tcp,http,13.641121,132,493,SF,8,6,0,67,67,92,0,92,92,92,64,64,1,311,1,65,135,3764.0,5015,2986281542,4294432175
1591893374.335689,10.0.2.15,54274,10.0.2.4,80,tcp,http,13.640630,132,493,SF,8,6,0,68,68,93,0,93,93,93,64,64,1,311,1,65,135,3764.0,5015,812146473,1922580698
1591893374.336165,10.0.2.15,54276,10.0.2.4,80,tcp,http,13.651465,132,493,SF,7,5,0,69,69,94,0,94,94,94,64,64,1,311,1,68,152,4302.0,5973,1136397231,2692654588
1591893374.336513,10.0.2.15,54278,10.0.2.4,80,tcp,http,13.639810,133,493,SF,8,6,0,70,70,95,0,95,95,95,64,64,1,311,1,65,135,3764.0,5015,2458376809,2710841620
1591893374.337073,10.0.2.15,54280,10.0.2.4,80,tcp,http,13.639252,131,493,SF,8,6,0,71,71,96,0,96,96,96,64,64,1,311,1,64,135,3764.0,5015,2785927043,333925119
1591893374.337563,10.0.2.15,54282,10.0.2.4,80,tcp,http,13.638764,132,493,SF,8,6,0,72,72,97,0,97,97,97,64,64,1,311,1,65,135,3764.0,5015,2292502331,2721493801
1591893374.338077,10.0.2.15,54284,10.0.2.4,80,tcp,http,13.638251,132,493,SF,8,6,0,73,73,98,0,98,98,98,64,64,1,311,1,65,135,3764.0,5015,2466842065,985887056
1591893374.3384151,10.0.2.15,54286,10.0.2.4,80,tcp,http,13.637836,132,493,SF,8,6,0,74,74,99,0,99,99,99,64,64,1,311,1,65,135,3764.0,5015,3403193693,3770062061
1591893374.338768,10.0.2.15,54288,10.0.2.4,80,tcp,http,13.637563,133,493,SF,8,6,0,75,75,100,0,100,100,100,64,64,1,311,1,65,135,3764.0,5015,3609410705,3968019187
1591893374.339247,10.0.2.15,54290,10.0.2.4,80,tcp,http,13.637085,133,493,SF,8,6,0,76,76,100,0,100,100,100,64,64,1,311,1,65,135,3764.0,5015,577279339,1409262386
1591893374.3398519,10.0.2.15,54292,10.0.2.4,80,tcp,http,13.636483,133,493,SF,8,6,0,77,77,100,0,100,100,100,64,64,1,311,1,65,135,3764.0,5015,1040906945,2725058771
1591893374.340219,10.0.2.15,54294,10.0.2.4,80,tcp,http,13.636117,132,493,SF,8,6,0,78,78,100,0,100,100,100,64,64,1,311,1,65,135,3764.0,5015,2853054794,363428035
1591893374.3405778,10.0.2.15,54296,10.0.2.4,80,tcp,http,13.635531,132,493,SF,8,6,0,79,79,100,0,100,100,100,64,64,1,311,1,65,135,3764.0,5015,1360013988,2696003593
1591893374.341024,10.0.2.15,54298,10.0.2.4,80,tcp,http,13.635314,133,493,SF,8,6,0,80,80,100,0,100,100,100,64,64,1,311,1,65,135,3764.0,5015,2668550685,4097881401
1591893374.341473,10.0.2.15,54300,10.0.2.4,80,tcp,http,13.634867,133,493,SF,8,6,0,81,81,100,0,100,100,100,64,64,1,311,1,65,135,3764.0,5015,4054640644,1614544849
1591893374.341959,10.0.2.15,54302,10.0.2.4,80,tcp,http,13.634383,131,493,SF,8,6,0,82,82,100,0,100,100,100,64,64,1,311,1,64,135,3764.0,5015,3387505310,245423208
1591893374.34249,10.0.2.15,54304,10.0.2.4,80,tcp,http,13.634101,132,493,SF,7,5,0,83,83,100,0,100,100,100,64,64,1,311,1,68,152,4302.0,5973,3818433878,1382467676
1591893374.3431098,10.0.2.15,54306,10.0.2.4,80,tcp,http,13.633557,133,493,SF,7,5,0,84,84,100,0,100,100,100,64,64,1,311,1,68,152,4302.0,5973,4138290252,2486115359
1591893374.3435051,10.0.2.15,54308,10.0.2.4,80,tcp,http,13.637608,132,493,SF,7,5,0,85,85,100,0,100,100,100,64,64,1,311,1,68,152,4302.0,5973,671027570,3603094978
1591893374.3439698,10.0.2.15,54310,10.0.2.4,80,tcp,http,13.637286,133,493,SF,7,5,0,86,86,100,0,100,100,100,64,64,1,311,1,68,152,4302.0,5973,2406164460,671869196
1591893374.344443,10.0.2.15,54312,10.0.2.4,80,tcp,http,13.637176,132,493,SF,7,5,0,87,87,100,0,100,100,100,64,64,1,311,1,68,152,4302.0,5973,2416626798,3084636502
1591893374.34497,10.0.2.15,54314,10.0.2.4,80,tcp,http,13.636735,133,493,SF,7,5,0,88,88,100,0,100,100,100,64,64,1,311,1,68,152,4302.0,5973,232195463,2464613237
1591893374.345539,10.0.2.15,54316,10.0.2.4,80,tcp,http,13.636248,132,493,SF,7,5,0,89,89,100,0,100,100,100,64,64,1,311,1,68,152,4302.0,5973,271967613,1244101769
1591893374.34645,10.0.2.15,54318,10.0.2.4,80,tcp,http,13.635960,133,493,SF,7,5,0,90,90,100,0,100,100,100,64,64,1,311,1,68,152,4302.0,5973,1018714891,732133012
1591893374.347083,10.0.2.15,54320,10.0.2.4,80,tcp,http,13.635447,133,493,SF,7,5,0,91,91,100,0,100,100,100,64,64,1,311,1,68,152,4302.0,5973,1859736340,1846296082
1591893374.347521,10.0.2.15,54322,10.0.2.4,80,tcp,http,13.635239,132,493,SF,7,5,0,92,92,100,0,100,100,100,64,64,1,311,1,68,152,4302.0,5973,2190641498,4010381480
1591893374.347918,10.0.2.15,54324,10.0.2.4,80,tcp,http,13.635066,133,493,SF,7,5,0,93,93,100,0,100,100,100,64,64,1,311,1,68,152,4302.0,5973,2136772782,2307952859
1591893374.3482609,10.0.2.15,54326,10.0.2.4,80,tcp,http,13.634904,132,493,SF,7,5,0,94,94,100,0,100,100,100,64,64,1,311,1,68,152,4302.0,5973,2326505185,4122675958
1591893374.348683,10.0.2.15,54328,10.0.2.4,80,tcp,http,13.634711,133,493,SF,7,5,0,95,95,100,0,100,100,100,64,64,1,311,1,68,152,4302.0,5973,3842913897,3347239072
1591893374.349195,10.0.2.15,54330,10.0.2.4,80,tcp,http,13.634377,132,493,SF,7,5,0,96,96,100,0,100,100,100,64,64,1,311,1,68,152,4302.0,5973,1843166869,3057430545
1591893374.349673,10.0.2.15,54332,10.0.2.4,80,tcp,http,13.634089,133,493,SF,7,5,0,97,97,100,0,100,100,100,64,64,1,311,1,68,152,4302.0,5973,2243872579,1868704732
1591893374.350198,10.0.2.15,54334,10.0.2.4,80,tcp,http,13.633807,133,493,SF,7,5,0,98,98,100,0,100,100,100,64,64,1,311,1,68,152,4302.0,5973,963847101,4177618349
1591893374.350675,10.0.2.15,54336,10.0.2.4,80,tcp,http,13.633516,133,493,SF,7,5,0,99,99,100,0,100,100,100,64,64,1,311,1,68,152,4302.0,5973,3239680661,1347648607
1591893374.351162,10.0.2.15,54338,10.0.2.4,80,tcp,http,13.633136,133,493,SF,7,5,0,100,100,100,0,100,100,100,64,64,1,311,1,68,152,4302.0,5973,2619835190,3973308912
1591893374.351749,10.0.2.15,54340,10.0.2.4,80,tcp,http,13.632650,132,493,SF,7,5,0,100,100,100,0,100,100,100,64,64,1,311,1,68,152,4302.0,5973,993164322,2950068986
1591893374.3522801,10.0.2.15,54342,10.0.2.4,80,tcp,http,13.632217,132,493,SF,7,5,0,100,100,100,0,100,100,100,64,64,1,311,1,68,152,4302.0,5973,593059789,3142894333
1591893374.352753,10.0.2.15,54344,10.0.2.4,80,tcp,http,13.631887,133,493,SF,7,5,0,100,100,100,0,100,100,100,64,64,1,311,1,68,152,4302.0,5973,4126501778,2317920423
1591893374.353332,10.0.2.15,54346,10.0.2.4,80,tcp,http,13.631894,132,493,SF,7,5,0,100,100,100,0,100,100,100,64,64,1,311,1,68,152,4302.0,5973,3656121865,1789463160
1591893374.353847,10.0.2.15,54348,10.0.2.4,80,tcp,http,13.631498,133,493,SF,7,5,0,100,100,100,0,100,100,100,64,64,1,311,1,68,152,4302.0,5973,3590369133,2943231737
1591893374.355571,10.0.2.15,54350,10.0.2.4,80,tcp,http,13.629965,132,493,SF,7,5,0,100,100,100,0,100,100,100,64,64,1,311,1,68,152,4302.0,5973,3515930578,4025190541
1591893374.356003,10.0.2.15,54352,10.0.2.4,80,tcp,http,13.629744,133,493,SF,7,5,0,100,100,100,0,100,100,100,64,64,1,311,1,68,152,4302.0,5973,2329031446,276460232
1591893374.356452,10.0.2.15,54354,10.0.2.4,80,tcp,http,13.629439,133,493,SF,7,5,0,100,100,100,0,100,100,100,64,64,1,311,1,68,152,4302.0,5973,1163309371,359538437
1591893374.357048,10.0.2.15,54356,10.0.2.4,80,tcp,http,13.629088,133,493,SF,7,5,0,100,100,100,0,100,100,100,64,64,1,311,1,68,152,4302.0,5973,1562711002,3514368563
1591893374.357672,10.0.2.15,54358,10.0.2.4,80,tcp,http,13.628596,133,493,SF,7,5,0,100,100,100,0,100,100,100,64,64,1,311,1,68,152,4302.0,5973,3905612482,4019695932
1591893374.35816,10.0.2.15,54360,10.0.2.4,80,tcp,http,13.628333,133,493,SF,7,5,0,100,100,100,0,100,100,100,64,64,1,311,1,68,152,4302.0,5973,3488932330,1002435732
1591893374.3586788,10.0.2.15,54362,10.0.2.4,80,tcp,http,13.628067,132,493,SF,7,5,0,100,100,100,0,100,100,100,64,64,1,311,1,68,152,4302.0,5973,666843132,2942468612
1591893374.3590481,10.0.2.15,54364,10.0.2.4,80,tcp,http,13.627938,132,493,SF,7,5,0,100,100,100,0,100,100,100,64,64,1,311,1,68,152,4302.0,5973,3721652538,3358470692
1591893374.359619,10.0.2.15,54366,10.0.2.4,80,tcp,http,13.627574,133,493,SF,7,5,0,100,100,100,0,100,100,100,64,64,1,311,1,68,152,4302.0,5973,1881909521,2814221532
1591893374.360048,10.0.2.15,54368,10.0.2.4,80,tcp,http,13.627296,131,493,SF,7,5,0,100,100,100,0,100,100,100,64,64,1,311,1,68,152,4302.0,5973,912051032,3923815484
1591893374.360547,10.0.2.15,54370,10.0.2.4,80,tcp,http,13.626949,132,493,SF,7,5,0,100,100,100,0,100,100,100,64,64,1,311,1,68,152,4302.0,5973,4248606580,1599726760
1591893374.361221,10.0.2.15,54372,10.0.2.4,80,tcp,http,13.626426,132,493,SF,7,5,0,100,100,100,0,100,100,100,64,64,1,311,1,68,152,4302.0,5973,3010271085,3664283159
1591893374.361684,10.0.2.15,54374,10.0.2.4,80,tcp,http,13.596968,133,493,SF,7,5,0,100,100,100,0,100,100,100,64,64,1,311,1,68,152,4302.0,5973,1393966982,290906688
1591893374.362135,10.0.2.15,54376,10.0.2.4,80,tcp,http,13.596655,132,493,SF,7,5,0,100,100,100,0,100,100,100,64,64,1,311,1,68,152,4302.0,5973,1489492495,859076888
1591893374.362969,10.0.2.15,54378,10.0.2.4,80,tcp,http,13.598025,132,493,SF,7,5,0,100,100,100,0,100,100,100,64,64,1,311,1,68,152,4302.0,5973,1723382499,4123033127
1591893374.363558,10.0.2.15,54380,10.0.2.4,80,tcp,http,13.601394,133,493,SF,7,5,0,100,100,100,0,100,100,100,64,64,1,311,1,68,152,4302.0,5973,1290500921,3133695876
1591893374.364175,10.0.2.15,54382,10.0.2.4,80,tcp,http,13.600999,132,493,SF,7,5,0,100,100,100,0,100,100,100,64,64,1,311,1,68,152,4302.0,5973,1732816640,2731054107
1591893374.3646429,10.0.2.15,54384,10.0.2.4,80,tcp,http,13.611092,132,493,SF,7,5,0,100,100,100,0,100,100,100,64,64,1,311,1,68,152,4302.0,5973,1357590132,1738330885
1591893374.365184,10.0.2.15,54386,10.0.2.4,80,tcp,http,13.610553,133,493,SF,7,5,0,100,100,100,0,100,100,100,64,64,1,311,1,68,152,4302.0,5973,3750968803,1757129511
1591893374.365684,10.0.2.15,54388,10.0.2.4,80,tcp,http,13.610054,133,493,SF,7,5,0,100,100,100,0,100,100,100,64,64,1,311,1,68,152,4302.0,5973,2885919027,1506607401
1591893374.366128,10.0.2.15,54390,10.0.2.4,80,tcp,http,13.609612,132,493,SF,7,5,0,100,100,100,0,100,100,100,64,64,1,311,1,68,152,4302.0,5973,3029463448,547847804
1591893374.366849,10.0.2.15,54392,10.0.2.4,80,tcp,http,13.608893,132,493,SF,7,5,0,100,100,100,0,100,100,100,64,64,1,311,1,68,152,4302.0,5973,2832429795,2706346704
1591893374.367362,10.0.2.15,54394,10.0.2.4,80,tcp,http,13.608984,133,493,SF,8,6,0,100,100,100,0,100,100,100,64,64,1,311,1,65,135,3764.0,5015,4163188151,4118965717
1591893374.367751,10.0.2.15,54396,10.0.2.4,80,tcp,http,13.608505,133,493,SF,8,6,0,100,100,100,0,100,100,100,64,64,1,311,1,65,135,3764.0,5015,3660842070,4189561730
1591893374.368174,10.0.2.15,54398,10.0.2.4,80,tcp,http,13.608074,133,493,SF,8,6,0,100,100,100,0,100,100,100,64,64,1,311,1,65,135,3764.0,5015,987503765,3573030248
1591893374.369641,10.0.2.15,54400,10.0.2.4,80,tcp,http,13.606614,132,493,SF,8,6,0,100,100,100,0,100,100,100,64,64,1,311,1,65,135,3764.0,5015,2513404356,1783257783
1591893374.37015,10.0.2.15,54402,10.0.2.4,80,tcp,http,13.606338,133,493,SF,8,6,0,100,100,100,0,100,100,100,64,64,1,311,1,65,135,3764.0,5015,1297376671,1675339269
1591893374.370806,10.0.2.15,54404,10.0.2.4,80,tcp,http,13.611963,133,493,SF,7,5,0,100,100,100,0,100,100,100,64,64,1,311,1,68,152,4302.0,5973,355759212,2960351302
1591893374.3713071,10.0.2.15,54406,10.0.2.4,80,tcp,http,13.611049,133,493,SF,7,5,0,100,100,100,0,100,100,100,64,64,1,311,1,68,152,4302.0,5973,1917082239,3790041860
1591893374.3718,10.0.2.15,54408,10.0.2.4,80,tcp,http,13.604690,133,493,SF,8,6,0,100,100,100,0,100,100,100,64,64,1,311,1,65,135,3764.0,5015,3697543663,2141418279
1591893374.372154,10.0.2.15,54410,10.0.2.4,80,tcp,http,13.609385,132,493,SF,7,5,0,100,100,100,0,100,100,100,64,64,1,311,1,68,152,4302.0,5973,161083342,3880537612
1591893374.372591,10.0.2.15,54412,10.0.2.4,80,tcp,http,13.608494,133,493,SF,7,5,0,100,100,100,0,100,100,100,64,64,1,311,1,68,152,4302.0,5973,3037943640,4159821727
1591893374.373073,10.0.2.15,54414,10.0.2.4,80,tcp,http,13.603446,132,493,SF,7,5,0,100,100,100,0,100,100,100,64,64,1,311,1,68,152,4302.0,5973,2641861321,2481861021
1591893374.373479,10.0.2.15,54416,10.0.2.4,80,tcp,http,13.603014,133,493,SF,8,6,0,100,100,100,0,100,100,100,64,64,1,311,1,65,135,3764.0,5015,4201433185,2193875240
1591893374.3738801,10.0.2.15,54418,10.0.2.4,80,tcp,http,13.602619,133,493,SF,7,5,0,100,100,100,0,100,100,100,64,64,1,311,1,68,152,4302.0,5973,2996265609,1703666724
1591893374.374268,10.0.2.15,54420,10.0.2.4,80,tcp,http,13.578242,133,493,SF,7,5,0,100,100,100,0,100,100,100,64,64,1,311,1,68,152,4302.0,5973,2040832426,67720223
1591893374.3748221,10.0.2.15,54422,10.0.2.4,80,tcp,http,13.601663,132,493,SF,8,6,0,100,100,100,0,100,100,100,64,64,1,311,1,65,135,3764.0,5015,2172377136,2441238720
1591893374.375304,10.0.2.15,54424,10.0.2.4,80,tcp,http,13.577013,131,493,SF,7,5,0,100,100,100,0,100,100,100,64,64,1,311,1,68,152,4302.0,5973,840629248,3491439480
1591893374.375737,10.0.2.15,54426,10.0.2.4,80,tcp,http,13.612034,132,493,SF,7,5,0,100,100,100,0,100,100,100,64,64,1,311,1,68,152,4302.0,5973,4017373297,2330595011
1591893374.376158,10.0.2.15,54428,10.0.2.4,80,tcp,http,13.576293,133,493,SF,7,5,0,100,100,100,0,100,100,100,64,64,1,311,1,68,152,4302.0,5973,814567327,2694232245
1591893374.376435,10.0.2.15,54430,10.0.2.4,80,tcp,http,13.576118,133,493,SF,7,5,0,100,100,100,0,100,100,100,64,64,1,311,1,68,152,4302.0,5973,2936839513,4139723883
1591893374.37685,10.0.2.15,54432,10.0.2.4,80,tcp,http,13.577497,132,493,SF,7,5,0,100,100,100,0,100,100,100,64,64,1,311,1,68,152,4302.0,5973,2671427835,318129588
1591893374.3771212,10.0.2.15,54434,10.0.2.4,80,tcp,http,13.577440,132,493,SF,7,5,0,100,100,100,0,100,100,100,64,64,1,311,1,68,152,4302.0,5973,3528458453,3900568566
1591893374.377408,10.0.2.15,54436,10.0.2.4,80,tcp,http,13.577420,132,493,RSTO,6,4,0,100,100,100,0,100,100,100,64,64,1,311,1,73,177,5019.0,7410,821988966,1541949026
1591893374.3777368,10.0.2.15,54438,10.0.2.4,80,tcp,http,13.580923,131,493,SF,7,5,0,100,100,100,0,100,100,100,64,64,1,311,1,68,152,4302.0,5973,1959434862,2322311556
1591893374.378059,10.0.2.15,54440,10.0.2.4,80,tcp,http,13.580943,132,493,SF,7,5,0,100,100,100,0,100,100,100,64,64,1,311,1,68,152,4302.0,5973,1903339502,1265815862
1591893374.378442,10.0.2.15,54442,10.0.2.4,80,tcp,http,13.580548,133,493,SF,7,5,0,100,100,100,0,100,100,100,64,64,1,311,1,68,152,4302.0,5973,85651978,1307052703
1591893374.3788052,10.0.2.15,54444,10.0.2.4,80,tcp,http,13.580263,133,493,SF,7,5,0,100,100,100,0,100,100,100,64,64,1,311,1,68,152,4302.0,5973,558446310,1229222224
1591893374.3792279,10.0.2.15,54446,10.0.2.4,80,tcp,http,13.580248,130,493,SF,7,5,0,100,100,100,0,100,100,100,64,64,1,311,1,68,152,4302.0,5973,3745411539,1924029723
1591893374.379685,10.0.2.15,54448,10.0.2.4,80,tcp,http,13.579472,132,493,SF,7,5,0,100,100,100,0,100,100,100,64,64,1,311,1,68,152,4302.0,5973,3290999001,2994233255
1591893374.380068,10.0.2.15,54450,10.0.2.4,80,tcp,http,13.579203,132,493,SF,7,5,0,100,100,100,0,100,100,100,64,64,1,311,1,68,152,4302.0,5973,3680887155,1899295133
1591893374.3803911,10.0.2.15,54452,10.0.2.4,80,tcp,http,13.578950,132,493,SF,7,5,0,100,100,100,0,100,100,100,64,64,1,311,1,68,152,4302.0,5973,1826295866,721931836
1591893374.380807,10.0.2.15,54454,10.0.2.4,80,tcp,http,13.578663,132,493,SF,7,5,0,100,100,100,0,100,100,100,64,64,1,311,1,68,152,4302.0,5973,3904836618,2508836132
1591893374.3811538,10.0.2.15,54456,10.0.2.4,80,tcp,http,13.578405,133,493,SF,7,5,0,100,100,100,0,100,100,100,64,64,1,311,1,68,152,4302.0,5973,3161806026,2714539447
1591893374.381499,10.0.2.15,54458,10.0.2.4,80,tcp,http,13.578163,133,493,SF,7,5,0,100,100,100,0,100,100,100,64,64,1,311,1,68,152,4302.0,5973,198895507,976683934
1591893374.381794,10.0.2.15,54460,10.0.2.4,80,tcp,http,13.577972,133,493,SF,7,5,0,100,100,100,0,100,100,100,64,64,1,311,1,68,152,4302.0,5973,1820811789,4289692133
1591893374.382128,10.0.2.15,54462,10.0.2.4,80,tcp,http,13.577764,133,493,SF,7,5,0,100,100,100,0,100,100,100,64,64,1,311,1,68,152,4302.0,5973,625631566,920417619
1591893374.382425,10.0.2.15,54464,10.0.2.4,80,tcp,http,13.577583,133,493,SF,7,5,0,100,100,100,0,100,100,100,64,64,1,311,1,68,152,4302.0,5973,3275800581,3607007933
1591893374.382757,10.0.2.15,54466,10.0.2.4,80,tcp,http,13.577366,133,493,SF,7,5,0,100,100,100,0,100,100,100,64,64,1,311,1,68,152,4302.0,5973,1416424811,1293619657
1591893374.383049,10.0.2.15,54468,10.0.2.4,80,tcp,http,13.577155,133,493,SF,7,5,0,100,100,100,0,100,100,100,64,64,1,311,1,68,152,4302.0,5973,2935885010,1797005309
1591893374.383371,10.0.2.15,54470,10.0.2.4,80,tcp,http,13.576899,133,493,SF,7,5,0,100,100,100,0,100,100,100,64,64,1,311,1,68,152,4302.0,5973,3924286178,1345138271
1591893374.383653,10.0.2.15,54472,10.0.2.4,80,tcp,http,13.576691,133,493,SF,7,5,0,100,100,100,0,100,100,100,64,64,1,311,1,68,152,4302.0,5973,451692312,2729408867
1591893374.383976,10.0.2.15,54474,10.0.2.4,80,tcp,http,13.576499,133,493,SF,7,5,0,100,100,100,0,100,100,100,64,64,1,311,1,68,152,4302.0,5973,2973824173,2439321058
1591893374.384274,10.0.2.15,54476,10.0.2.4,80,tcp,http,13.576282,132,493,SF,7,5,0,100,100,100,0,100,100,100,64,64,1,311,1,68,152,4302.0,5973,3832841808,3533003768
1591893374.38457,10.0.2.15,54478,10.0.2.4,80,tcp,http,13.576087,132,493,SF,7,5,0,100,100,100,0,100,100,100,64,64,1,311,1,68,152,4302.0,5973,3706143084,918616167
1591893374.384916,10.0.2.15,54480,10.0.2.4,80,tcp,http,13.575812,133,493,SF,7,5,0,100,100,100,0,100,100,100,64,64,1,311,1,68,152,4302.0,5973,527646237,156416537
1591893374.385202,10.0.2.15,54482,10.0.2.4,80,tcp,http,13.575581,133,493,SF,7,5,0,100,100,100,0,100,100,100,64,64,1,311,1,68,152,4302.0,5973,60102631,2058243382
1591893374.385537,10.0.2.15,54484,10.0.2.4,80,tcp,http,13.575582,132,493,RSTO,6,4,0,100,100,100,0,100,100,100,64,64,1,311,1,73,177,5019.0,7410,4257777843,659772898
1591893374.385915,10.0.2.15,54486,10.0.2.4,80,tcp,http,13.575158,133,493,SF,7,5,0,100,100,100,0,100,100,100,64,64,1,311,1,68,152,4302.0,5973,2133188217,3678599044
1591893374.386216,10.0.2.15,54488,10.0.2.4,80,tcp,http,13.574931,133,493,SF,7,5,0,100,100,100,0,100,100,100,64,64,1,311,1,68,152,4302.0,5973,2438167111,1143146353
1591893374.386557,10.0.2.15,54490,10.0.2.4,80,tcp,http,13.574682,132,493,SF,7,5,0,100,100,100,0,100,100,100,64,64,1,311,1,68,152,4302.0,5973,133865648,549889741
1591893374.3868449,10.0.2.15,54492,10.0.2.4,80,tcp,http,13.574472,133,493,SF,7,5,0,100,100,100,0,100,100,100,64,64,1,311,1,68,152,4302.0,5973,200058580,1582456722
1591893374.387172,10.0.2.15,54494,10.0.2.4,80,tcp,http,13.574238,132,493,SF,7,5,0,100,100,100,0,100,100,100,64,64,1,311,1,68,152,4302.0,5973,27477239,3592338811
1591893374.387462,10.0.2.15,54496,10.0.2.4,80,tcp,http,13.574055,133,493,SF,7,5,0,100,100,100,0,100,100,100,64,64,1,311,1,68,152,4302.0,5973,3540019418,4227684447
1591893374.387757,10.0.2.15,54498,10.0.2.4,80,tcp,http,13.573866,132,493,SF,7,5,0,100,100,100,0,100,100,100,64,64,1,311,1,68,152,4302.0,5973,3734598220,2588109729
1591893374.388218,10.0.2.15,54500,10.0.2.4,80,tcp,http,13.573496,133,493,SF,7,5,0,100,100,100,0,100,100,100,64,64,1,311,1,68,152,4302.0,5973,925232000,2599318888
1591893374.3885438,10.0.2.15,54502,10.0.2.4,80,tcp,http,13.573242,132,493,SF,7,5,0,100,100,100,0,100,100,100,64,64,1,311,1,68,152,4302.0,5973,2664031262,1761864926
1591893374.388906,10.0.2.15,54504,10.0.2.4,80,tcp,http,13.572939,132,493,SF,7,5,0,100,100,100,0,100,100,100,64,64,1,311,1,68,152,4302.0,5973,2678993369,1266977535
1591893374.389267,10.0.2.15,54506,10.0.2.4,80,tcp,http,13.572641,133,493,SF,7,5,0,100,100,100,0,100,100,100,64,64,1,311,1,68,152,4302.0,5973,2665740908,2724351498
1591893374.389698,10.0.2.15,54508,10.0.2.4,80,tcp,http,13.572287,131,493,SF,7,5,0,100,100,100,0,100,100,100,64,64,1,311,1,68,152,4302.0,5973,2001837797,2478203190
1591893374.389994,10.0.2.15,54510,10.0.2.4,80,tcp,http,13.572065,132,493,SF,7,5,0,100,100,100,0,100,100,100,64,64,1,311,1,68,152,4302.0,5973,3184253033,2214539222
1591893374.390286,10.0.2.15,54512,10.0.2.4,80,tcp,http,13.571855,132,493,SF,7,5,0,100,100,100,0,100,100,100,64,64,1,311,1,68,152,4302.0,5973,471263846,2964025956
1591893374.390735,10.0.2.15,54514,10.0.2.4,80,tcp,http,13.571463,132,493,SF,7,5,0,100,100,100,0,100,100,100,64,64,1,311,1,68,152,4302.0,5973,3664278813,1147866380
1591893374.3911211,10.0.2.15,54516,10.0.2.4,80,tcp,http,13.571138,132,493,SF,7,5,0,100,100,100,0,100,100,100,64,64,1,311,1,68,152,4302.0,5973,3309363344,3994121163
1591893374.391458,10.0.2.15,54518,10.0.2.4,80,tcp,http,13.570917,133,493,SF,7,5,0,100,100,100,0,100,100,100,64,64,1,311,1,68,152,4302.0,5973,1256751111,440817815
1591893374.391783,10.0.2.15,54520,10.0.2.4,80,tcp,http,13.570667,131,493,SF,7,5,0,100,100,100,0,100,100,100,64,64,1,311,1,68,152,4302.0,5973,3100437458,3693371608
1591893374.392104,10.0.2.15,54522,10.0.2.4,80,tcp,http,13.570415,131,493,SF,7,5,0,100,100,100,0,100,100,100,64,64,1,311,1,68,152,4302.0,5973,2877809671,879237495
1591893374.392452,10.0.2.15,54524,10.0.2.4,80,tcp,http,13.570146,133,493,SF,7,5,0,100,100,100,0,100,100,100,64,64,1,311,1,68,152,4302.0,5973,106037777,3973442888
1591893374.392689,10.0.2.15,54526,10.0.2.4,80,tcp,http,13.569973,132,493,SF,7,5,0,100,100,100,0,100,100,100,64,64,1,311,1,68,152,4302.0,5973,4138743704,2769938992
1591893374.392967,10.0.2.15,54528,10.0.2.4,80,tcp,http,13.569767,133,493,SF,7,5,0,100,100,100,0,100,100,100,64,64,1,311,1,68,152,4302.0,5973,2408194526,194630234
1591893374.393347,10.0.2.15,54530,10.0.2.4,80,tcp,http,13.569474,133,493,SF,7,5,0,100,100,100,0,100,100,100,64,64,1,311,1,68,152,4302.0,5973,4137273518,4241814337
1591893374.393661,10.0.2.15,54532,10.0.2.4,80,tcp,http,13.569237,132,493,SF,7,5,0,100,100,100,0,100,100,100,64,64,1,311,1,68,152,4302.0,5973,4086772909,3132576605
1591893374.393945,10.0.2.15,54534,10.0.2.4,80,tcp,http,13.569031,133,493,SF,7,5,0,100,100,100,0,100,100,100,64,64,1,311,1,68,152,4302.0,5973,1100966942,2771988363
1591893374.394261,10.0.2.15,54536,10.0.2.4,80,tcp,http,13.568844,133,493,SF,7,5,0,100,100,100,0,100,100,100,64,64,1,311,1,68,152,4302.0,5973,1977137938,985333362
1591893374.394548,10.0.2.15,54538,10.0.2.4,80,tcp,http,13.568626,133,493,SF,7,5,0,100,100,100,0,100,100,100,64,64,1,311,1,68,152,4302.0,5973,2168261303,708985812
1591893374.394839,10.0.2.15,54540,10.0.2.4,80,tcp,http,13.568393,133,493,SF,7,5,0,100,100,100,0,100,100,100,64,64,1,311,1,68,152,4302.0,5973,678197228,3790331850
1591893374.395194,10.0.2.15,54542,10.0.2.4,80,tcp,http,13.568157,133,493,SF,7,5,0,100,100,100,0,100,100,100,64,64,1,311,1,68,152,4302.0,5973,3152843580,2492662134
1591893374.395514,10.0.2.15,54544,10.0.2.4,80,tcp,http,13.567924,133,493,SF,7,5,0,100,100,100,0,100,100,100,64,64,1,311,1,68,152,4302.0,5973,3829670709,4277078669
1591893374.3957949,10.0.2.15,54546,10.0.2.4,80,tcp,http,13.567736,132,493,SF,7,5,0,100,100,100,0,100,100,100,64,64,1,311,1,68,152,4302.0,5973,2889932940,4224996113
1591893374.396175,10.0.2.15,54548,10.0.2.4,80,tcp,http,13.567419,133,493,SF,7,5,0,100,100,100,0,100,100,100,64,64,1,311,1,68,152,4302.0,5973,1038508337,22635805
1591893374.396465,10.0.2.15,54550,10.0.2.4,80,tcp,http,13.567219,133,493,SF,7,5,0,100,100,100,0,100,100,100,64,64,1,311,1,68,152,4302.0,5973,4210278200,396071090
1591893374.3967538,10.0.2.15,54552,10.0.2.4,80,tcp,http,13.567010,132,493,SF,7,5,0,100,100,100,0,100,100,100,64,64,1,311,1,68,152,4302.0,5973,2799929995,4266430091
1591893374.3970358,10.0.2.15,54554,10.0.2.4,80,tcp,http,13.566795,132,493,SF,7,5,0,100,100,100,0,100,100,100,64,64,1,311,1,68,152,4302.0,5973,233826775,1275046731
1591893374.397328,10.0.2.15,54556,10.0.2.4,80,tcp,http,13.566580,133,493,SF,7,5,0,100,100,100,0,100,100,100,64,64,1,311,1,68,152,4302.0,5973,2481026420,3468629169
1591893374.397635,10.0.2.15,54558,10.0.2.4,80,tcp,http,13.566352,133,493,SF,7,5,0,100,100,100,0,100,100,100,64,64,1,311,1,68,152,4302.0,5973,3308449511,3989347778
1591893374.397918,10.0.2.15,54560,10.0.2.4,80,tcp,http,13.566151,133,493,SF,7,5,0,100,100,100,0,100,100,100,64,64,1,311,1,68,152,4302.0,5973,3476868725,3190146453
1591893374.398266,10.0.2.15,54562,10.0.2.4,80,tcp,http,13.565882,133,493,SF,7,5,0,100,100,100,0,100,100,100,64,64,1,311,1,68,152,4302.0,5973,422923605,2581630664
1591893374.398574,10.0.2.15,54564,10.0.2.4,80,tcp,http,13.565640,132,493,SF,7,5,0,100,100,100,0,100,100,100,64,64,1,311,1,68,152,4302.0,5973,1412044419,4124144988
1591893374.398858,10.0.2.15,54566,10.0.2.4,80,tcp,http,13.565465,131,493,SF,7,5,0,100,100,100,0,100,100,100,64,64,1,311,1,68,152,4302.0,5973,3385882299,4128727340
1591893374.399145,10.0.2.15,54568,10.0.2.4,80,tcp,http,13.565257,133,493,SF,7,5,0,100,100,100,0,100,100,100,64,64,1,311,1,68,152,4302.0,5973,2675493929,2463556089
1591893374.3994699,10.0.2.15,54570,10.0.2.4,80,tcp,http,13.565018,131,493,SF,7,5,0,100,100,100,0,100,100,100,64,64,1,311,1,68,152,4302.0,5973,391964949,1797716174
1591893374.399755,10.0.2.15,54572,10.0.2.4,80,tcp,http,13.564814,132,493,SF,7,5,0,100,100,100,0,100,100,100,64,64,1,311,1,68,152,4302.0,5973,483541966,2744965751
1591893374.4001448,10.0.2.15,54574,10.0.2.4,80,tcp,http,13.564507,132,493,SF,7,5,0,100,100,100,0,100,100,100,64,64,1,311,1,68,152,4302.0,5973,187464258,3355966798
1591893374.4004278,10.0.2.15,54576,10.0.2.4,80,tcp,http,13.564292,133,493,SF,7,5,0,100,100,100,0,100,100,100,64,64,1,311,1,68,152,4302.0,5973,2967785740,4240257460
1591893374.400712,10.0.2.15,54578,10.0.2.4,80,tcp,http,13.564088,132,493,SF,7,5,0,100,100,100,0,100,100,100,64,64,1,311,1,68,152,4302.0,5973,647985662,3949909153
1591893374.4009259,10.0.2.15,54580,10.0.2.4,80,tcp,http,13.564148,132,493,RSTO,6,4,0,100,100,100,0,100,100,100,64,64,1,311,1,73,177,5019.0,7410,3713377100,198787291
1591893374.401259,10.0.2.15,54582,10.0.2.4,80,tcp,http,13.563777,133,493,SF,7,5,0,100,100,100,0,100,100,100,64,64,1,311,1,68,152,4302.0,5973,3778148044,2421679467
1591893374.401542,10.0.2.15,54584,10.0.2.4,80,tcp,http,13.563481,132,493,SF,7,5,0,100,100,100,0,100,100,100,64,64,1,311,1,68,152,4302.0,5973,993163465,1198843474
1591893374.401899,10.0.2.15,54586,10.0.2.4,80,tcp,http,13.563204,130,493,SF,7,5,0,100,100,100,0,100,100,100,64,64,1,311,1,68,152,4302.0,5973,3510703902,785750511
1591893374.4022038,10.0.2.15,54588,10.0.2.4,80,tcp,http,13.563397,132,493,RSTO,6,4,0,100,100,100,0,100,100,100,64,64,1,311,1,73,177,5019.0,7410,1736909922,688093693
1591893374.402489,10.0.2.15,54590,10.0.2.4,80,tcp,http,13.563036,132,493,SF,8,6,0,100,100,100,0,100,100,100,64,64,1,311,1,66,135,3793.0,5015,2683371157,3906470828
1591893374.402951,10.0.2.15,54592,10.0.2.4,80,tcp,http,13.562588,133,493,SF,7,5,0,100,100,100,0,100,100,100,64,64,1,311,1,68,152,4302.0,5973,996557919,3056131274
1591893374.403326,10.0.2.15,54594,10.0.2.4,80,tcp,http,13.562263,132,493,SF,7,5,0,100,100,100,0,100,100,100,64,64,1,311,1,68,152,4302.0,5973,856212306,1397899712
1591893374.4036279,10.0.2.15,54596,10.0.2.4,80,tcp,http,13.562040,133,493,SF,7,5,0,100,100,100,0,100,100,100,64,64,1,311,1,68,152,4302.0,5973,4115719290,1393365161
1591893374.403922,10.0.2.15,54598,10.0.2.4,80,tcp,http,13.561822,133,493,SF,7,5,0,100,100,100,0,100,100,100,64,64,1,311,1,68,152,4302.0,5973,353665386,1405378826
1591893374.404299,10.0.2.15,54600,10.0.2.4,80,tcp,http,13.561729,133,493,SF,7,5,0,100,100,100,0,100,100,100,64,64,1,311,1,68,152,4302.0,5973,1302261264,3680931515
1591893374.404594,10.0.2.15,54602,10.0.2.4,80,tcp,http,13.561243,131,493,SF,7,5,0,100,100,100,0,100,100,100,64,64,1,311,1,68,152,4302.0,5973,4099081989,301313360
1591893374.404919,10.0.2.15,54604,10.0.2.4,80,tcp,http,13.561013,132,493,SF,7,5,0,100,100,100,0,100,100,100,64,64,1,311,1,68,152,4302.0,5973,2795980500,4051780284
1591893374.405224,10.0.2.15,54606,10.0.2.4,80,tcp,http,13.560769,132,493,SF,7,5,0,100,100,100,0,100,100,100,64,64,1,311,1,68,152,4302.0,5973,2025408559,433039043
1591893374.405503,10.0.2.15,54608,10.0.2.4,80,tcp,http,13.560561,132,493,SF,7,5,0,100,100,100,0,100,100,100,64,64,1,311,1,68,152,4302.0,5973,2980687230,2946634729
1591893374.4057949,10.0.2.15,54610,10.0.2.4,80,tcp,http,13.560671,132,493,SF,7,5,0,100,100,100,0,100,100,100,64,64,1,311,1,68,152,4302.0,5973,2801649831,669507509
1591893374.406126,10.0.2.15,54612,10.0.2.4,80,tcp,http,13.560044,132,493,SF,7,5,0,100,100,100,0,100,100,100,64,64,1,311,1,68,152,4302.0,5973,3276550841,3946821475
1591893374.406418,10.0.2.15,54614,10.0.2.4,80,tcp,http,13.559864,131,493,SF,7,5,0,100,100,100,0,100,100,100,64,64,1,311,1,68,152,4302.0,5973,2316489870,810014264
1591893374.4067118,10.0.2.15,54616,10.0.2.4,80,tcp,http,13.559635,132,493,SF,7,5,0,100,100,100,0,100,100,100,64,64,1,311,1,68,152,4302.0,5973,1681692788,60916048
1591893374.407044,10.0.2.15,54618,10.0.2.4,80,tcp,http,13.559409,133,493,SF,7,5,0,100,100,100,0,100,100,100,64,64,1,311,1,68,152,4302.0,5973,2852963531,1938861765
1591893374.40735,10.0.2.15,54620,10.0.2.4,80,tcp,http,13.559163,133,493,SF,7,5,0,100,100,100,0,100,100,100,64,64,1,311,1,68,152,4302.0,5973,60676243,2014819095
1591893374.407625,10.0.2.15,54622,10.0.2.4,80,tcp,http,13.558968,133,493,SF,7,5,0,100,100,100,0,100,100,100,64,64,1,311,1,68,152,4302.0,5973,2500126856,3983715407
1591893374.407916,10.0.2.15,54624,10.0.2.4,80,tcp,http,13.558737,132,493,SF,7,5,0,100,100,100,0,100,100,100,64,64,1,311,1,68,152,4302.0,5973,3385217516,576049447
1591893374.408198,10.0.2.15,54626,10.0.2.4,80,tcp,http,13.558668,133,493,SF,7,5,0,100,100,100,0,100,100,100,64,64,1,311,1,68,152,4302.0,5973,444212773,2085529804
1591893374.4084618,10.0.2.15,54628,10.0.2.4,80,tcp,http,13.558539,133,493,SF,7,5,0,100,100,100,0,100,100,100,64,64,1,311,1,68,152,4302.0,5973,3889195024,2617025537
1591893374.408746,10.0.2.15,54630,10.0.2.4,80,tcp,http,13.558197,133,493,SF,7,5,0,100,100,100,0,100,100,100,64,64,1,311,1,68,152,4302.0,5973,3220788967,3848998317
1591893374.408994,10.0.2.15,54632,10.0.2.4,80,tcp,http,13.558028,133,493,SF,7,5,0,100,100,100,0,100,100,100,64,64,1,311,1,68,152,4302.0,5973,3165160904,3012119015
1591893374.4092689,10.0.2.15,54634,10.0.2.4,80,tcp,http,13.557848,132,493,SF,7,5,0,100,100,100,0,100,100,100,64,64,1,311,1,68,152,4302.0,5973,1541510587,3753391540
1591893374.4095411,10.0.2.15,54636,10.0.2.4,80,tcp,http,13.558115,133,493,SF,7,5,0,100,100,100,0,100,100,100,64,64,1,311,1,68,152,4302.0,5973,517859372,2463856836
1591893374.40981,10.0.2.15,54638,10.0.2.4,80,tcp,http,13.557407,131,493,SF,7,5,0,100,100,100,0,100,100,100,64,64,1,311,1,68,152,4302.0,5973,3683802089,1744026781
1591893374.410113,10.0.2.15,54640,10.0.2.4,80,tcp,http,13.557223,133,493,SF,7,5,0,100,100,100,0,100,100,100,64,64,1,311,1,68,152,4302.0,5973,1388080117,2943522073
1591893374.410352,10.0.2.15,54642,10.0.2.4,80,tcp,http,13.557170,133,493,SF,7,5,0,100,100,100,0,100,100,100,64,64,1,311,1,68,152,4302.0,5973,1856963498,3915655585
1591893374.410642,10.0.2.15,54644,10.0.2.4,80,tcp,http,13.556966,133,493,SF,7,5,0,100,100,100,0,100,100,100,64,64,1,311,1,68,152,4302.0,5973,3476646599,696016595
1591893374.410927,10.0.2.15,54646,10.0.2.4,80,tcp,http,13.556775,133,493,SF,7,5,0,100,100,100,0,100,100,100,64,64,1,311,1,68,152,4302.0,5973,2834963381,3643092910
1591893374.4112198,10.0.2.15,54648,10.0.2.4,80,tcp,http,13.556571,132,493,SF,7,5,0,100,100,100,0,100,100,100,64,64,1,311,1,68,152,4302.0,5973,2969466238,3687931726
1591893374.411486,10.0.2.15,54650,10.0.2.4,80,tcp,http,13.565209,133,493,SF,7,5,0,100,100,100,0,100,100,100,64,64,1,311,1,68,152,4302.0,5973,2978637274,4155359103
1591893374.411834,10.0.2.15,54652,10.0.2.4,80,tcp,http,13.556053,132,493,SF,7,5,0,100,100,100,0,100,100,100,64,64,1,311,1,68,152,4302.0,5973,2885058933,1077898197
1591893374.412167,10.0.2.15,54654,10.0.2.4,80,tcp,http,13.555821,133,493,SF,7,5,0,100,100,100,0,100,100,100,64,64,1,311,1,68,152,4302.0,5973,349542419,2303737578
1591893374.412453,10.0.2.15,54656,10.0.2.4,80,tcp,http,13.555609,133,493,SF,7,5,0,100,100,100,0,100,100,100,64,64,1,311,1,68,152,4302.0,5973,1099621467,724218407
1591893374.412789,10.0.2.15,54658,10.0.2.4,80,tcp,http,13.555349,133,493,SF,7,5,0,100,100,100,0,100,100,100,64,64,1,311,1,68,152,4302.0,5973,396377657,1107307033
1591893374.413059,10.0.2.15,54660,10.0.2.4,80,tcp,http,13.555178,133,493,SF,7,5,0,100,100,100,0,100,100,100,64,64,1,311,1,68,152,4302.0,5973,1140093701,842935045
1591893374.413329,10.0.2.15,54662,10.0.2.4,80,tcp,http,13.535329,132,0,S2,11,1,0,100,100,100,0,100,100,100,64,64,1,0,1,136,60,2862.0,28960,3190154446,3487803471
1591893374.413598,10.0.2.15,54664,10.0.2.4,80,tcp,http,13.562039,133,493,RSTO,7,4,0,100,100,100,0,100,100,100,64,64,1,311,1,73,180,4335.0,7416,1932783802,856065381
1591893374.413895,10.0.2.15,54666,10.0.2.4,80,tcp,http,13.561758,133,493,RSTO,8,4,0,100,100,100,0,100,100,100,64,64,1,311,1,71,180,7443.0,7416,1553245388,1870191995
1591893374.734682,10.0.2.15,53780,10.0.2.4,80,tcp,-,-,-,-,SH,1,0,0,0,0,100,0,100,100,100,64,0,0,0,0,185,0,229.0,0,2819537215,0
1591893374.734715,10.0.2.15,53782,10.0.2.4,80,tcp,-,-,-,-,SH,1,0,0,1,1,100,0,100,100,100,64,0,0,0,0,184,0,229.0,0,2607000301,0
1591893375.1867962,10.0.2.15,54096,10.0.2.4,80,tcp,-,-,-,-,SH,1,0,0,2,2,100,0,100,100,100,64,64,0,0,0,184,0,229.0,28960,488859765,3470615741
1591893375.1868448,10.0.2.15,54098,10.0.2.4,80,tcp,-,-,-,-,SH,1,0,0,3,3,100,0,100,100,100,64,64,0,0,0,183,0,229.0,28960,85527811,2349544080
1591893375.416277,10.0.2.15,54668,10.0.2.4,80,tcp,http,12.559370,133,493,RSTO,7,4,0,96,96,100,0,100,100,100,64,64,1,311,1,73,180,4335.0,7416,2987460482,3686933065
1591893375.417016,10.0.2.15,54670,10.0.2.4,80,tcp,http,12.558643,133,493,RSTO,8,4,0,96,96,100,0,100,100,100,64,64,1,311,1,71,180,7443.0,7416,1090579780,1963247472
1591893375.76001,10.0.2.15,53816,10.0.2.4,80,tcp,-,-,-,-,SH,1,0,0,4,4,100,0,100,100,100,64,0,0,0,0,185,0,229.0,0,2426551000,0
1591893375.760046,10.0.2.15,53818,10.0.2.4,80,tcp,-,-,-,-,SH,1,0,0,5,5,100,0,100,100,100,64,0,0,0,0,184,0,229.0,0,1983590386,0
1591893376.206662,10.0.2.15,54100,10.0.2.4,80,tcp,-,-,-,-,SH,1,0,0,6,6,100,0,100,100,100,64,64,0,0,0,185,0,229.0,28960,3851737661,3110369145
1591893376.416754,10.0.2.15,54672,10.0.2.4,80,tcp,http,11.558902,132,493,RSTO,7,4,0,93,93,100,0,100,100,100,64,64,1,311,1,73,180,4335.0,7416,448113029,3607213714
1591893376.417407,10.0.2.15,54674,10.0.2.4,80,tcp,http,13.837943,133,493,SF,14,3,0,93,93,100,0,100,100,100,64,64,1,311,1,117,219,4335.0,9810,450334880,2369329946
1591893376.7827392,10.0.2.15,53884,10.0.2.4,80,tcp,-,0.039067,133,0,SH,1,1,0,7,7,100,0,100,100,100,64,64,0,0,0,185,52,114.0,235,2500069031,4250410097
1591893376.78286,10.0.2.15,53886,10.0.2.4,80,tcp,-,0.038917,133,0,SH,1,1,0,8,8,100,0,100,100,100,64,64,0,0,0,185,52,114.0,235,3957139409,3853724179
1591893377.167028,10.0.2.15,54102,10.0.2.4,80,tcp,-,-,-,-,SH,1,0,0,9,9,100,0,100,100,100,64,64,0,0,0,185,0,229.0,28960,1829170894,1258431268
1591893377.415317,10.0.2.15,54676,10.0.2.4,80,tcp,http,10.560353,133,493,RSTO,7,4,0,90,90,100,0,100,100,100,64,64,1,311,1,73,180,4335.0,7416,2440671284,4052016426
1591893377.416133,10.0.2.15,54678,10.0.2.4,80,tcp,http,13.831482,132,493,SF,14,3,0,90,90,100,0,100,100,100,64,64,1,311,1,117,219,4335.0,9810,688938238,2775500450
1591893377.80925,10.0.2.15,53952,10.0.2.4,80,tcp,-,-,-,-,SH,1,0,0,10,10,100,0,100,100,100,64,0,0,0,0,184,0,229.0,0,340238272,0
1591893377.809275,10.0.2.15,53954,10.0.2.4,80,tcp,-,-,-,-,SH,1,0,0,11,11,100,0,100,100,100,64,0,0,0,0,184,0,229.0,0,15614741,0
1591893378.256289,10.0.2.15,54108,10.0.2.4,80,tcp,-,-,-,-,SH,1,0,0,12,12,100,0,100,100,100,64,64,0,0,0,185,0,229.0,28960,2021963699,2303159643
1591893378.416238,10.0.2.15,54680,10.0.2.4,80,tcp,http,12.831368,132,493,SF,13,3,0,87,87,100,0,100,100,100,64,64,1,311,1,121,219,2422.0,9810,86989979,381013538
1591893378.41684,10.0.2.15,54682,10.0.2.4,80,tcp,http,13.822894,132,493,SF,14,3,0,87,87,100,0,100,100,100,64,64,1,311,1,117,219,4335.0,9810,3116268301,948638705
1591893378.83085,10.0.2.15,54020,10.0.2.4,80,tcp,-,-,-,-,SH,1,0,0,13,13,100,0,100,100,100,64,0,0,0,0,184,0,229.0,0,4141236566,0
1591893378.830874,10.0.2.15,54022,10.0.2.4,80,tcp,-,-,-,-,SH,1,0,0,14,14,100,0,100,100,100,64,0,0,0,0,185,0,229.0,0,2254126227,0
1591893379.246867,10.0.2.15,54104,10.0.2.4,80,tcp,-,3.294895,133,0,S2,2,1,0,15,15,100,0,100,100,100,64,64,0,0,0,118,60,229.0,28960,1506828175,90867929
1591893379.2799811,10.0.2.15,54106,10.0.2.4,80,tcp,-,4.290438,133,0,S2,2,1,0,16,16,100,0,100,100,100,64,64,0,0,0,118,60,229.0,28960,2895801744,3967615947
1591893379.416049,10.0.2.15,54684,10.0.2.4,80,tcp,http,12.823676,132,493,SF,13,3,0,83,83,100,0,100,100,100,64,64,1,311,1,121,219,2422.0,9810,2802856528,2354168212
1591893379.4169712,10.0.2.15,54686,10.0.2.4,80,tcp,http,13.830736,132,493,SF,14,3,0,83,83,100,0,100,100,100,64,64,1,311,1,117,219,4335.0,9810,1149671710,2076581435
1591893379.855459,10.0.2.15,54034,10.0.2.4,80,tcp,-,-,-,-,SH,1,0,0,17,17,100,0,100,100,100,64,0,0,0,0,184,0,229.0,0,2941727067,0
1591893379.855493,10.0.2.15,54036,10.0.2.4,80,tcp,-,-,-,-,SH,1,0,0,18,18,100,0,100,100,100,64,0,0,0,0,184,0,229.0,0,3881860405,0
1591893380.415623,10.0.2.15,54688,10.0.2.4,80,tcp,http,12.832114,133,493,SF,13,3,0,81,81,100,0,100,100,100,64,64,1,311,1,122,219,2422.0,9810,2613693808,398515287
1591893380.416526,10.0.2.15,54690,10.0.2.4,80,tcp,http,13.823055,133,493,SF,14,3,0,81,81,100,0,100,100,100,64,64,1,311,1,117,219,4335.0,9810,602034600,1898616008
1591893380.525098,10.0.2.15,54096,10.0.2.4,80,tcp,-,0.000517,0,0,S1,1,1,0,19,19,100,1,100,100,100,64,64,0,0,0,52,60,229.0,28960,488859765,3470615741
1591893380.529665,10.0.2.15,54098,10.0.2.4,80,tcp,-,0.000429,0,0,S1,1,1,0,20,20,100,1,100,100,100,64,64,0,0,0,52,60,229.0,28960,85527811,2349544080
1591893380.8792472,10.0.2.15,54038,10.0.2.4,80,tcp,-,-,-,-,SH,1,0,0,21,21,100,0,100,100,100,64,0,0,0,0,185,0,229.0,0,876945934,0
1591893380.879271,10.0.2.15,54040,10.0.2.4,80,tcp,-,-,-,-,SH,1,0,0,22,22,100,0,100,100,100,64,0,0,0,0,184,0,229.0,0,1181416477,0
1591893381.415651,10.0.2.15,54692,10.0.2.4,80,tcp,http,12.823619,132,493,SF,13,3,0,77,77,100,0,100,100,100,64,64,1,311,1,121,219,2422.0,9810,3685509766,1722042338
1591893381.416109,10.0.2.15,54694,10.0.2.4,80,tcp,http,7.419508,133,493,SF,13,3,0,77,77,100,0,100,100,100,64,64,1,311,1,112,219,4650.0,9810,2847168901,3223463521
1591893381.525188,10.0.2.15,54100,10.0.2.4,80,tcp,-,0.000463,0,0,S1,1,1,0,23,23,100,1,100,100,100,64,64,0,0,0,52,60,229.0,28960,3851737661,3110369145
1591893382.386128,10.0.2.15,8,10.0.2.4,0,icmp,-,13.033157,784,784,OTH,14,14,0,24,24,0,0,100,100,100,0,0,0,0,0,0,0,,0,0,0
1591893382.415835,10.0.2.15,54696,10.0.2.4,80,tcp,http,6.419772,132,493,SF,12,3,0,75,75,99,0,100,100,100,64,64,1,311,1,116,219,2605.0,9810,3489239413,559854655
1591893382.416392,10.0.2.15,54698,10.0.2.4,80,tcp,http,7.414952,132,493,SF,13,3,0,75,75,99,0,100,100,100,64,64,1,311,1,112,219,4650.0,9810,155566344,2201228694
1591893382.524863,10.0.2.15,54102,10.0.2.4,80,tcp,-,0.000482,0,0,S1,1,1,0,25,25,99,1,100,100,100,64,64,0,0,0,52,60,229.0,28960,1829170894,1258431268
1591893383.415364,10.0.2.15,54700,10.0.2.4,80,tcp,http,6.415971,133,493,SF,12,3,0,74,74,99,0,100,100,100,64,64,1,311,1,117,219,2605.0,9810,888165490,2926334314
1591893383.4158301,10.0.2.15,54702,10.0.2.4,80,tcp,http,7.671407,133,493,SF,13,3,0,74,74,99,0,100,100,100,64,64,1,311,1,112,219,4650.0,9810,1152932932,4287021978
1591893383.5698721,10.0.2.15,54108,10.0.2.4,80,tcp,-,0.000534,0,0,S1,1,1,0,26,26,99,1,100,100,100,64,64,0,0,0,52,60,229.0,28960,2021963699,2303159643
1591893383.826567,10.0.2.15,54042,10.0.2.4,80,tcp,-,-,-,-,SH,1,0,0,27,27,99,0,100,100,100,64,0,0,0,0,185,0,229.0,0,4229482353,0
1591893383.826591,10.0.2.15,54044,10.0.2.4,80,tcp,-,-,-,-,SH,1,0,0,28,28,99,0,100,100,100,64,0,0,0,0,184,0,229.0,0,2729357556,0
1591893384.4233038,10.0.2.15,54704,10.0.2.4,80,tcp,http,3.553190,133,493,SF,12,5,0,71,71,99,0,100,100,100,64,64,1,311,1,117,154,2605.0,5978,795712093,411801659
1591893384.4259892,10.0.2.15,54706,10.0.2.4,80,tcp,http,3.550507,132,493,SF,11,4,0,71,71,99,0,100,100,100,64,64,1,311,1,99,177,5454.0,7416,1712796865,2261665031
1591893384.852958,10.0.2.15,54046,10.0.2.4,80,tcp,-,-,-,-,SH,1,0,0,29,29,99,0,100,100,100,64,0,0,0,0,184,0,229.0,0,2883389536,0
1591893384.8529902,10.0.2.15,54048,10.0.2.4,80,tcp,-,-,-,-,SH,1,0,0,30,30,99,0,100,100,100,64,0,0,0,0,184,0,229.0,0,3841737188,0
1591893385.424658,10.0.2.15,54708,10.0.2.4,80,tcp,http,2.551837,133,493,SF,10,4,0,69,69,99,0,100,100,100,64,64,1,311,1,103,177,3080.0,7416,428244612,1959875272
1591893385.425107,10.0.2.15,54710,10.0.2.4,80,tcp,http,2.551388,133,493,SF,11,5,0,69,69,99,0,100,100,100,64,64,1,311,1,99,154,5454.0,5978,242495187,1626108630
1591893385.8705142,10.0.2.15,54050,10.0.2.4,80,tcp,-,-,-,-,SH,1,0,0,31,31,99,0,100,100,100,64,0,0,0,0,184,0,229.0,0,1992537639,0
1591893385.870538,10.0.2.15,54052,10.0.2.4,80,tcp,-,-,-,-,SH,1,0,0,32,32,99,0,100,100,100,64,0,0,0,0,184,0,229.0,0,2825351146,0
1591893386.423681,10.0.2.15,54712,10.0.2.4,80,tcp,http,1.553072,132,493,SF,10,5,0,67,67,99,0,100,100,100,64,64,1,311,1,103,154,3080.0,5978,2318128576,1194472840
1591893386.424285,10.0.2.15,54714,10.0.2.4,80,tcp,-,0.998294,0,0,S0,2,0,0,33,33,99,0,100,100,100,64,0,0,0,0,60,0,29200.0,0,3801697156,0
1591893386.831335,10.0.2.15,54054,10.0.2.4,80,tcp,-,0.000337,132,493,SF,3,2,0,34,34,99,0,100,100,100,64,64,0,0,0,88,298,76.0,235,1619728071,4225796426
1591893386.831374,10.0.2.15,54056,10.0.2.4,80,tcp,-,0.000265,133,493,SF,3,2,0,35,35,99,0,100,100,100,64,64,0,0,0,88,298,76.0,235,386956725,369519261
1591893387.854579,10.0.2.15,54058,10.0.2.4,80,tcp,-,0.000351,132,493,SF,3,2,0,36,36,99,0,100,100,100,64,64,0,0,0,88,298,76.0,235,2119578744,4244490898
1591893387.854639,10.0.2.15,54060,10.0.2.4,80,tcp,-,0.000257,133,493,SF,3,2,0,37,37,99,0,100,100,100,64,64,0,0,0,88,298,76.0,235,3473184282,2387648535
1591893387.9685519,10.0.2.15,53884,10.0.2.4,80,tcp,-,0.007112,0,493,RSTOS0,1,1,0,38,38,99,1,100,100,100,64,64,0,0,0,40,545,114.0,235,2500069031,4250410097
1591893387.9686,10.0.2.15,53886,10.0.2.4,80,tcp,-,0.007067,0,493,RSTOS0,1,1,0,39,39,99,1,100,100,100,64,64,0,0,0,40,545,114.0,235,3957139409,3853724179
